visit_time,title,url,profile
2026-09-13 08:08:58,GH-200: Automate your workflow with GitHub Actions - YouTube,https://www.youtube.com/playlist?list=PLahhVEj9XNTd5N_seZDoRXVIn6N1qAp-_,Profile 1
2026-09-13 08:08:58,GH-200: Automate your workflow with GitHub Actions - YouTube,https://aka.ms/GH-200onYouTube,Profile 1
2026-09-13 08:08:58,GH-200: Automate your workflow with GitHub Actions - YouTube,https://www.youtube.com/redirect?event=video_description&redir_token=QUM4Zm9rUzduNnJGUC11SEdaQWxqZ0FkZzM2Q3xBTl9pYzRlNXQwWEZ3RS1DWkpOdm5yNVQ3V3U5TFJselVvN0ktR3pZSmVvektwLS10ZmxhUkpQbHpmanZIazEza2xjVVNjX0JaTjRWWGtKV0xhc09uQVUxN0dWVS1LSlVhdGt2&q=https%3A%2F%2Faka.ms%2FGH-200onYouTube&v=8m9JBtGFMp8,Profile 1
2026-09-13 08:05:46,コース紹介 | GH-200 | エピソード1 - YouTube,https://www.youtube.com/watch?v=8m9JBtGFMp8&list=PLahhVEj9XNTd5N_seZDoRXVIn6N1qAp-_&index=2,Profile 1
2026-09-13 08:02:12,Gemini Notebook,https://notebook.google.com/notebook/969c9016-cc7c-4469-8f7d-39bf0cb2e48b,Profile 1
2026-09-13 08:02:09,Gemini Notebook,https://notebook.google.com/notebook/969c9016-cc7c-4469-8f7d-39bf0cb2e48b?addSource=true,Profile 1
2026-09-13 08:00:49,コースプレビュー | GH-200 | GitHub Actionsによるワークフローの自動化 - YouTube,https://www.youtube.com/watch?v=wuHiemCckNo&list=PLahhVEj9XNTd5N_seZDoRXVIn6N1qAp-_,Profile 1
2026-09-13 08:00:45,gh-200 - YouTube,https://www.youtube.com/results?search_query=gh-200,Profile 1
2026-09-13 08:00:45,YouTube,https://www.youtube.com/?app=desktop&hl=ja,Profile 1
2026-09-13 08:00:38,YouTube,https://www.youtube.com/?app=desktop&hl=ja,Profile 1
2026-09-13 08:00:20,GitHub Actions - Certifications | Microsoft Learn,https://learn.microsoft.com/ja-jp/credentials/certifications/github-actions/?practice-assessment-type=certification,Profile 1
2026-09-13 08:00:20,GitHub Actions - Certifications | Microsoft Learn,https://learn.microsoft.com/ja-jp/credentials/certifications/github-actions/,Profile 1
2026-09-13 08:00:15,GitHub CI/CD実践ガイド――持続可能なソフトウェア開発を支えるGitHub Actionsの設計と運用 (エンジニア選書) | 野村 友規 |本 | 通販 | Amazon,https://www.amazon.co.jp/GitHub-CI-CD%E5%AE%9F%E8%B7%B5%E3%82%AC%E3%82%A4%E3%83%89%E2%80%95%E2%80%95%E6%8C%81%E7%B6%9A%E5%8F%AF%E8%83%BD%E3%81%AA%E3%82%BD%E3%83%95%E3%83%88%E3%82%A6%E3%82%A7%E3%82%A2%E9%96%8B%E7%99%BA%E3%82%92%E6%94%AF%E3%81%88%E3%82%8BGitHub-Actions%E3%81%AE%E8%A8%AD%E8%A8%88%E3%81%A8%E9%81%8B%E7%94%A8-%E3%82%A8%E3%83%B3%E3%82%B8%E3%83%8B%E3%82%A2%E9%81%B8%E6%9B%B8/dp/4297141736?&linkCode=sl1&tag=akitainuoto-22&linkId=77a56e07b7978fa880eea4a3e1f9992b&language=ja_JP&ref_=as_li_ss_tl,Profile 1
2026-09-13 08:00:15,GitHub CI/CD実践ガイド――持続可能なソフトウェア開発を支えるGitHub Actionsの設計と運用 (エンジニア選書) | 野村 友規 |本 | 通販 | Amazon,https://amzn.to/3Kpb1en,Profile 1
2026-09-13 08:00:08,マイラーニング | Udemy,https://www.udemy.com/home/my-courses/learning/?p=2,Profile 1
2026-09-13 08:00:03,Course: 【2026年最新版】AWS認定AIプラクティショナー（AIF-01）模擬問題集 | Udemy,https://www.udemy.com/course/awsaiaif-01/learn/quiz/6905375#overview,Profile 1
2026-09-13 08:00:02,Course: 【2026年最新版】AWS認定AIプラクティショナー（AIF-01）模擬問題集 | Udemy,https://www.udemy.com/course/awsaiaif-01/learn/quiz/6905375,Profile 1
2026-09-13 08:00:02,Course: 【2026年最新版】AWS認定AIプラクティショナー（AIF-01）模擬問題集 | Udemy,https://www.udemy.com/course-dashboard-redirect/?course_id=6209273,Profile 1
2026-09-13 07:59:52,マイラーニング | Udemy,https://www.udemy.com/home/my-courses/learning/?p=2,Profile 1
2026-09-13 07:59:42,マイラーニング | Udemy,https://www.udemy.com/home/my-courses/learning/,Profile 1
2026-09-13 07:59:41,Course: 【うかる！】GH-200：GitHub Actions Certification 最強問題集 | Udemy,https://www.udemy.com/course/gh-200github-actions-certification/learn/quiz/7243485#overview,Profile 1
2026-09-13 07:59:40,Course: 【うかる！】GH-200：GitHub Actions Certification 最強問題集 | Udemy,https://www.udemy.com/course/gh-200github-actions-certification/learn/quiz/7243485,Profile 1
2026-09-13 07:59:40,Course: 【うかる！】GH-200：GitHub Actions Certification 最強問題集 | Udemy,https://www.udemy.com/course-dashboard-redirect/?course_id=6902421,Profile 1
2026-09-13 07:48:53,Gemini Notebook,https://notebook.google.com/notebook/969c9016-cc7c-4469-8f7d-39bf0cb2e48b,Profile 1
2026-09-13 07:48:51,Gemini Notebook,https://notebook.google.com/notebook/969c9016-cc7c-4469-8f7d-39bf0cb2e48b?addSource=true,Profile 1
2026-09-13 07:48:43,GitHub Actions で開発タスクを自動化する方法 - Training | Microsoft Learn,https://learn.microsoft.com/ja-jp/training/modules/github-actions-automate-tasks/2-github-actions-automate-development-tasks,Profile 1
2026-09-13 07:48:38,Gemini Notebook,https://notebook.google.com/notebook/969c9016-cc7c-4469-8f7d-39bf0cb2e48b,Profile 1
2026-09-13 07:48:35,Gemini Notebook,https://notebook.google.com/notebook/969c9016-cc7c-4469-8f7d-39bf0cb2e48b?addSource=true,Profile 1
2026-09-13 07:48:22,Gemini Notebook,https://notebook.google.com/notebook/969c9016-cc7c-4469-8f7d-39bf0cb2e48b,Profile 1
2026-09-13 07:48:20,Creating Notebook...,https://notebook.google.com/notebook/creating,Profile 1
2026-09-13 07:48:16,Gemini Notebook,https://notebook.google.com/,Profile 1
2026-09-13 07:48:16,Gemini Notebook,https://notebooklm.google.com/,Profile 1
2026-09-13 07:48:03,GitHub Actions で開発タスクを自動化する方法 - Training | Microsoft Learn,https://learn.microsoft.com/ja-jp/training/modules/github-actions-automate-tasks/1-introduction,Profile 1
2026-09-13 07:36:07,historyexportchrome 指定ディレクトリ - Google 検索,https://www.google.com/search?q=historyexportchrome+%E6%8C%87%E5%AE%9A%E3%83%87%E3%82%A3%E3%83%AC%E3%82%AF%E3%83%88%E3%83%AA&rlz=1C1GCCB_enJP1173JP1173&oq=historyexportchrome%E3%80%80%E6%8C%87%E5%AE%9A%E3%83%87%E3%82%A3%E3%83%AC%E3%82%AF%E3%83%88%E3%83%AA&gs_lcrp=EgZjaHJvbWUyBggAEEUYOTIHCAEQABjvBTIHCAIQABjvBdIBCDc0OTZqMGo3qAIAsAIA&sourceid=chrome&source=chrome.ob&ie=UTF-8,Profile 1
2026-09-13 07:35:36,chrome 履歴 ローカル - Google 検索,https://www.google.com/search?q=chrome+%E5%B1%A5%E6%AD%B4+%E3%83%AD%E3%83%BC%E3%82%AB%E3%83%AB&rlz=1C1GCCB_enJP1173JP1173&oq=chrome+%E5%B1%A5%E6%AD%B4%E3%80%80%E3%83%AD%E3%83%BC%E3%82%AB%E3%83%AB%E3%80%80&gs_lcrp=EgZjaHJvbWUyCAgAEEUYHhg5MgoIARAAGIAEGKIEMgoIAhAAGIAEGKIEMgcIAxAAGO8F0gEINzAzMmowajeoAgCwAgA&sourceid=chrome&source=chrome.ob&ie=UTF-8,Profile 1
2026-09-13 07:35:33,【履歴を残したい】Google Chromeの閲覧履歴をエクスポートする方法と注意点｜デジタルデータフォレンジック,https://note.com/ddf_japan/n/n62eccd873ebd,Profile 1
2026-09-13 07:35:30,chrome 履歴 ローカル - Google 検索,https://www.google.com/search?q=chrome+%E5%B1%A5%E6%AD%B4+%E3%83%AD%E3%83%BC%E3%82%AB%E3%83%AB&rlz=1C1GCCB_enJP1173JP1173&oq=chrome+%E5%B1%A5%E6%AD%B4%E3%80%80%E3%83%AD%E3%83%BC%E3%82%AB%E3%83%AB%E3%80%80&gs_lcrp=EgZjaHJvbWUyCAgAEEUYHhg5MgoIARAAGIAEGKIEMgoIAhAAGIAEGKIEMgcIAxAAGO8F0gEINzAzMmowajeoAgCwAgA&sourceid=chrome&source=chrome.ob&ie=UTF-8,Profile 1
2026-09-13 07:32:54,Google スプレッドシート,https://docs.google.com/spreadsheets/u/0/?tgif=d,Profile 1
2026-09-13 07:32:54,Google スプレッドシート,https://docs.google.com/spreadsheets/u/0/,Profile 1
2026-09-13 07:32:54,Google スプレッドシート,https://docs.google.com/spreadsheets/u/0/?usp=sheets_web,Profile 1
2026-09-13 07:32:54,Google スプレッドシート,https://docs.google.com/spreadsheets/u/0/?authuser=0&usp=sheets_web,Profile 1
2026-09-13 07:31:06,日報作成 - プロジェクト編集者 - Apps Script,https://script.google.com/u/0/home/projects/17O6LnyqirzJZbMJ1SOgplhyx3s8NcoqSPMDzEDC_3QGtOdldo-ejW_Zs/edit,Profile 1
2026-09-13 07:30:51,日報作成 - プロジェクト編集者 - Apps Script,https://script.google.com/u/0/home/projects/17O6LnyqirzJZbMJ1SOgplhyx3s8NcoqSPMDzEDC_3QGtOdldo-ejW_Zs/edit,Profile 1
2026-09-13 07:30:43,日報作成 - プロジェクト編集者 - Apps Script,https://script.google.com/u/0/home/projects/17O6LnyqirzJZbMJ1SOgplhyx3s8NcoqSPMDzEDC_3QGtOdldo-ejW_Zs/edit,Profile 1
2026-09-13 07:30:43,日報作成 - プロジェクト編集者 - Apps Script,https://script.google.com/u/0/d/17O6LnyqirzJZbMJ1SOgplhyx3s8NcoqSPMDzEDC_3QGtOdldo-ejW_Zs/edit?mid=ACjPJvHqDnsXgj6hJDOgfevbs-JnJPTDHyPnDMJGKeuwn-bnwCKWsmcTreh2GBDtV_50HKWzHkUeB1FN98OFJd_P9h5m6RMY9HK6XKNoAaOmVMXt16uTKJJSjQJOd1Xbxi2apYNXZyKMVg&uiv=2&emtoken=AYo8c-Dxed1SooDi9mSK8H4FNkoV%3A1789252237136,Profile 1
2026-09-13 07:30:43,日報作成 - プロジェクト編集者 - Apps Script,https://script.google.com/macros/u/0/start?mid=ACjPJvHqDnsXgj6hJDOgfevbs-JnJPTDHyPnDMJGKeuwn-bnwCKWsmcTreh2GBDtV_50HKWzHkUeB1FN98OFJd_P9h5m6RMY9HK6XKNoAaOmVMXt16uTKJJSjQJOd1Xbxi2apYNXZyKMVg&uiv=2&emtoken=AYo8c-Dxed1SooDi9mSK8H4FNkoV%3A1789252237136,Profile 1
2026-09-13 07:30:37,無題のスプレッドシート - Google スプレッドシート,https://docs.google.com/spreadsheets/d/12uB7BgVzsy-AyfVdLGCKU7nDVq4pLTxj80VnyjZQD8Q/edit?gid=0#gid=0,Profile 1
2026-09-13 07:30:31,Authorization Status,https://script.google.com/oauthcallback?state=11070406947084697600&iss=https://accounts.google.com&scope=https://www.googleapis.com/auth/spreadsheets&prompt=consent&version_info=CmxfU1ZJX0VPdmY3ZnlMNnBZREdBNGlQMDFCUlVSSVpsOXhRWGt5ZGs1QmVtVkNWbTlZU2pRMWRtUmpRV2hsY25WdWNHNTFlbVJJZW1SWVdtNDBVaTFoVEVsdVdFMHpSWFkwYVdSbWVEaGtOQV8,Profile 1
2026-09-13 07:30:31,Authorization Status,https://script.google.com/oauthcallback?state=11070406947084697600&iss=https://accounts.google.com&scope=https://www.googleapis.com/auth/spreadsheets&authuser=0&prompt=consent&version_info=CmxfU1ZJX0VPdmY3ZnlMNnBZREdBNGlQMDFCUlVSSVpsOXhRWGt5ZGs1QmVtVkNWbTlZU2pRMWRtUmpRV2hsY25WdWNHNTFlbVJJZW1SWVdtNDBVaTFoVEVsdVdFMHpSWFkwYVdSbWVEaGtOQV8,Profile 1
2026-09-13 07:30:28,無題のプロジェクト が Google アカウントへのアクセスを求めています,https://accounts.google.com/signin/oauth/v2/consentsummary?authuser=0&part=AJi8hAM1_fiBw4TO5Jss8mioDE79jOAC1dGevpkCMf_gQt_QrMLNJic6e2Ckfu4rM74Lm3jSfkor6Uf5Oq6c_l8YSJxdAQPLM6FtAHcvCiTdNQmPSEQSOwPA1veMqr41J1-kvYTirPuGVEC9SYjFzUyhRhs1NsokvugO5u6a-yN9tiZABYbURXfXA-XTOvJcRT46iGdMV9_uDQCEneQcmgYyeXNNYVlO3u8PTMMi44Indg-TpPiqdp55-5O_M4fDacR9aJ3OcPzhHwhwCzwf3mS7mTE9IZtzCwzQDWom3oBWIWSrrEJlwIKOeajvUkwELIo2Y2oo4I4Bx4rQmEbtfl9JQrbh7aBWmv7SvHmcUOQJuUeEj8Rz29dheLE4o2iWOyX3KF6KtUpH7KUMC89VJQDpdq7LSISXjA3YaPgPhIaaE7S9g1KGKSihS64seGybnK2jebl3RIHcN6ByoZRtSER3BJmX6-sTcAxvRwhj0DC-ar13xRtlheypJ-6YXh-xiHKCxtxjVKsrtH6XAfgeZJ9P___-QeWM-kHCRLV4fQKUlji2WhNDKwvNDyRwyGq-4QQJhxxFTRYNEAaArivLDIrZP3Ytj_-xOqFxjWeicd4ZY6kowdOJKmJXToPzKHbu2vYaXRFtzeQv&flowName=GeneralOAuthFlow&hl=ja&as=S1379206487%3A1789252224521918&client_id=244353960122-bkeqt8097rtu216f5lqp8sb3iqfqiehu.apps.googleusercontent.com&requestPath=%2Fsignin%2Foauth%2Fconsent&pli=1&rapt=AEjHL4OkIWF5epnN6mFiNivgpfmeFLfJ0Yf1TWgybCoUmL6-MXUAF7KL-WZFiyELW4Xqd2_36P6RXxs31EsxpQhUc0sV4qbPPEC3spVnmD_VzcjQvMItVgk,Profile 1
2026-09-13 07:30:28,ログイン - Google アカウント,https://accounts.google.com/signin/oauth/consent?authuser=0&part=AJi8hAM1_fiBw4TO5Jss8mioDE79jOAC1dGevpkCMf_gQt_QrMLNJic6e2Ckfu4rM74Lm3jSfkor6Uf5Oq6c_l8YSJxdAQPLM6FtAHcvCiTdNQmPSEQSOwPA1veMqr41J1-kvYTirPuGVEC9SYjFzUyhRhs1NsokvugO5u6a-yN9tiZABYbURXfXA-XTOvJcRT46iGdMV9_uDQCEneQcmgYyeXNNYVlO3u8PTMMi44Indg-TpPiqdp55-5O_M4fDacR9aJ3OcPzhHwhwCzwf3mS7mTE9IZtzCwzQDWom3oBWIWSrrEJlwIKOeajvUkwELIo2Y2oo4I4Bx4rQmEbtfl9JQrbh7aBWmv7SvHmcUOQJuUeEj8Rz29dheLE4o2iWOyX3KF6KtUpH7KUMC89VJQDpdq7LSISXjA3YaPgPhIaaE7S9g1KGKSihS64seGybnK2jebl3RIHcN6ByoZRtSER3BJmX6-sTcAxvRwhj0DC-ar13xRtlheypJ-6YXh-xiHKCxtxjVKsrtH6XAfgeZJ9P___-QeWM-kHCRLV4fQKUlji2WhNDKwvNDyRwyGq-4QQJhxxFTRYNEAaArivLDIrZP3Ytj_-xOqFxjWeicd4ZY6kowdOJKmJXToPzKHbu2vYaXRFtzeQv&flowName=GeneralOAuthFlow&hl=ja&as=S1379206487%3A1789252224521918&client_id=244353960122-bkeqt8097rtu216f5lqp8sb3iqfqiehu.apps.googleusercontent.com&requestPath=%2Fsignin%2Foauth%2Fconsent&pli=1&rapt=AEjHL4OkIWF5epnN6mFiNivgpfmeFLfJ0Yf1TWgybCoUmL6-MXUAF7KL-WZFiyELW4Xqd2_36P6RXxs31EsxpQhUc0sV4qbPPEC3spVnmD_VzcjQvMItVgk,Profile 1
2026-09-13 07:30:28,ログイン - Google アカウント,https://accounts.google.com/InteractiveLogin?authuser=0&continue=https://accounts.google.com/signin/oauth/consent?authuser%3D0%26part%3DAJi8hAM1_fiBw4TO5Jss8mioDE79jOAC1dGevpkCMf_gQt_QrMLNJic6e2Ckfu4rM74Lm3jSfkor6Uf5Oq6c_l8YSJxdAQPLM6FtAHcvCiTdNQmPSEQSOwPA1veMqr41J1-kvYTirPuGVEC9SYjFzUyhRhs1NsokvugO5u6a-yN9tiZABYbURXfXA-XTOvJcRT46iGdMV9_uDQCEneQcmgYyeXNNYVlO3u8PTMMi44Indg-TpPiqdp55-5O_M4fDacR9aJ3OcPzhHwhwCzwf3mS7mTE9IZtzCwzQDWom3oBWIWSrrEJlwIKOeajvUkwELIo2Y2oo4I4Bx4rQmEbtfl9JQrbh7aBWmv7SvHmcUOQJuUeEj8Rz29dheLE4o2iWOyX3KF6KtUpH7KUMC89VJQDpdq7LSISXjA3YaPgPhIaaE7S9g1KGKSihS64seGybnK2jebl3RIHcN6ByoZRtSER3BJmX6-sTcAxvRwhj0DC-ar13xRtlheypJ-6YXh-xiHKCxtxjVKsrtH6XAfgeZJ9P___-QeWM-kHCRLV4fQKUlji2WhNDKwvNDyRwyGq-4QQJhxxFTRYNEAaArivLDIrZP3Ytj_-xOqFxjWeicd4ZY6kowdOJKmJXToPzKHbu2vYaXRFtzeQv%26flowName%3DGeneralOAuthFlow%26hl%3Dja%26as%3DS1379206487%253A1789252224521918%26client_id%3D244353960122-bkeqt8097rtu216f5lqp8sb3iqfqiehu.apps.googleusercontent.com%26requestPath%3D%252Fsignin%252Foauth%252Fconsent&rart=ANgoxcd9OImDzNaLgl-45M6WxJkwF25gYkJjv65RcvpW0veUhUlNqYW4k5yLEvl-KDYkKSXIQO0a8_ywvG11Y-ea-kT8LQlQR6dSrVkKawJ8-6tZFBfATGQ&dsh=S137288332:1789252226219335,Profile 1
2026-09-13 07:30:28,ログイン - Google アカウント,https://accounts.google.com/ServiceLogin?rart=ANgoxcd9OImDzNaLgl-45M6WxJkwF25gYkJjv65RcvpW0veUhUlNqYW4k5yLEvl-KDYkKSXIQO0a8_ywvG11Y-ea-kT8LQlQR6dSrVkKawJ8-6tZFBfATGQ&continue=https%3A%2F%2Faccounts.google.com%2Fsignin%2Foauth%2Fconsent%3Fauthuser%3D0%26part%3DAJi8hAM1_fiBw4TO5Jss8mioDE79jOAC1dGevpkCMf_gQt_QrMLNJic6e2Ckfu4rM74Lm3jSfkor6Uf5Oq6c_l8YSJxdAQPLM6FtAHcvCiTdNQmPSEQSOwPA1veMqr41J1-kvYTirPuGVEC9SYjFzUyhRhs1NsokvugO5u6a-yN9tiZABYbURXfXA-XTOvJcRT46iGdMV9_uDQCEneQcmgYyeXNNYVlO3u8PTMMi44Indg-TpPiqdp55-5O_M4fDacR9aJ3OcPzhHwhwCzwf3mS7mTE9IZtzCwzQDWom3oBWIWSrrEJlwIKOeajvUkwELIo2Y2oo4I4Bx4rQmEbtfl9JQrbh7aBWmv7SvHmcUOQJuUeEj8Rz29dheLE4o2iWOyX3KF6KtUpH7KUMC89VJQDpdq7LSISXjA3YaPgPhIaaE7S9g1KGKSihS64seGybnK2jebl3RIHcN6ByoZRtSER3BJmX6-sTcAxvRwhj0DC-ar13xRtlheypJ-6YXh-xiHKCxtxjVKsrtH6XAfgeZJ9P___-QeWM-kHCRLV4fQKUlji2WhNDKwvNDyRwyGq-4QQJhxxFTRYNEAaArivLDIrZP3Ytj_-xOqFxjWeicd4ZY6kowdOJKmJXToPzKHbu2vYaXRFtzeQv%26flowName%3DGeneralOAuthFlow%26hl%3Dja%26as%3DS1379206487%253A1789252224521918%26client_id%3D244353960122-bkeqt8097rtu216f5lqp8sb3iqfqiehu.apps.googleusercontent.com%26requestPath%3D%252Fsignin%252Foauth%252Fconsent&authuser=0,Profile 1
2026-09-13 07:30:28,ログイン - Google アカウント,https://accounts.google.com/signin/oauth/consent?authuser=0&part=AJi8hAM1_fiBw4TO5Jss8mioDE79jOAC1dGevpkCMf_gQt_QrMLNJic6e2Ckfu4rM74Lm3jSfkor6Uf5Oq6c_l8YSJxdAQPLM6FtAHcvCiTdNQmPSEQSOwPA1veMqr41J1-kvYTirPuGVEC9SYjFzUyhRhs1NsokvugO5u6a-yN9tiZABYbURXfXA-XTOvJcRT46iGdMV9_uDQCEneQcmgYyeXNNYVlO3u8PTMMi44Indg-TpPiqdp55-5O_M4fDacR9aJ3OcPzhHwhwCzwf3mS7mTE9IZtzCwzQDWom3oBWIWSrrEJlwIKOeajvUkwELIo2Y2oo4I4Bx4rQmEbtfl9JQrbh7aBWmv7SvHmcUOQJuUeEj8Rz29dheLE4o2iWOyX3KF6KtUpH7KUMC89VJQDpdq7LSISXjA3YaPgPhIaaE7S9g1KGKSihS64seGybnK2jebl3RIHcN6ByoZRtSER3BJmX6-sTcAxvRwhj0DC-ar13xRtlheypJ-6YXh-xiHKCxtxjVKsrtH6XAfgeZJ9P___-QeWM-kHCRLV4fQKUlji2WhNDKwvNDyRwyGq-4QQJhxxFTRYNEAaArivLDIrZP3Ytj_-xOqFxjWeicd4ZY6kowdOJKmJXToPzKHbu2vYaXRFtzeQv&flowName=GeneralOAuthFlow&hl=ja&as=S1379206487%3A1789252224521918&client_id=244353960122-bkeqt8097rtu216f5lqp8sb3iqfqiehu.apps.googleusercontent.com&requestPath=%2Fsignin%2Foauth%2Fconsent#,Profile 1
2026-09-13 07:30:28,ログイン - Google アカウント,https://accounts.google.com/o/oauth2/auth?client_id=244353960122-bkeqt8097rtu216f5lqp8sb3iqfqiehu.apps.googleusercontent.com&redirect_uri=https://script.google.com/oauthcallback&state=11070406947084697600&scope=https://www.googleapis.com/auth/spreadsheets&response_type=none+gsession&access_type=offline&approval_prompt=force&hl=ja&login_hint=t_matsuoka@ap-com.co.jp&app_script_properties=AGEO1VR8YbriVp8EDMzM46YRas2LqA6UxPaLds48Ick-_gP6uID0oKhVWOEZe20kgyQQ8bhz0NLg91t_U28pdHoc15lSp7A4jn1FNZvfMu8G8stJ6SdaNLN8XTTC1UjPegsXcIrxcl4_Hlvr_yq_pWrOvzMLd8Cs_rO1FkjnkbUfiOCMPqo846rVQn74MN7kB5AlRGrgA8DW&enable_granular_consent=true,Profile 1
2026-09-13 07:29:48,日報作成 - プロジェクト編集者 - Apps Script,https://script.google.com/u/0/home/projects/17O6LnyqirzJZbMJ1SOgplhyx3s8NcoqSPMDzEDC_3QGtOdldo-ejW_Zs/edit,Profile 1
2026-09-13 07:29:45,プロジェクトを作成しています... - Apps Script,https://script.google.com/u/0/home/projects/create?parent=12uB7BgVzsy-AyfVdLGCKU7nDVq4pLTxj80VnyjZQD8Q&emtoken=AYo8c-DB_Lai7gEy5VZQXNJZtPUc%3A1789252180002,Profile 1
2026-09-13 07:29:45,プロジェクトを作成しています... - Apps Script,https://script.google.com/u/0/create?mid=ACjPJvFHjHcHdD7ERLZMj1Sf5RFL0btuRiI32U2JwdRMvzNK-1KE8oGrdpcL86Fbt_bj9YWcX3_h5fO5zhLdUB9ctv4zec4TbzCJJMWpXqqjuiMyiYkOa0BWTkuRLVvzNV2MyCeN5Sk4TnI&uiv=2&emtoken=AYo8c-DB_Lai7gEy5VZQXNJZtPUc%3A1789252180002,Profile 1
2026-09-13 07:29:45,プロジェクトを作成しています... - Apps Script,https://script.google.com/macros/u/0/start?mid=ACjPJvFHjHcHdD7ERLZMj1Sf5RFL0btuRiI32U2JwdRMvzNK-1KE8oGrdpcL86Fbt_bj9YWcX3_h5fO5zhLdUB9ctv4zec4TbzCJJMWpXqqjuiMyiYkOa0BWTkuRLVvzNV2MyCeN5Sk4TnI&uiv=2&emtoken=AYo8c-DB_Lai7gEy5VZQXNJZtPUc%3A1789252180002,Profile 1
2026-09-13 07:29:40,無題のスプレッドシート - Google スプレッドシート,https://docs.google.com/spreadsheets/d/12uB7BgVzsy-AyfVdLGCKU7nDVq4pLTxj80VnyjZQD8Q/edit?gid=0#gid=0,Profile 1
2026-09-13 07:29:40,無題のスプレッドシート - Google スプレッドシート,https://docs.google.com/spreadsheets/d/12uB7BgVzsy-AyfVdLGCKU7nDVq4pLTxj80VnyjZQD8Q/edit,Profile 1
2026-09-13 07:29:40,無題のスプレッドシート - Google スプレッドシート,https://docs.google.com/spreadsheets/u/0/create?usp=sheets_home&ths=true,Profile 1
2026-09-13 07:29:38,Google スプレッドシート,https://docs.google.com/spreadsheets/u/0/?tgif=d,Profile 1
2026-09-13 07:29:38,Google スプレッドシート,https://docs.google.com/spreadsheets/u/0/,Profile 1
2026-09-13 07:29:38,Google スプレッドシート,https://docs.google.com/spreadsheets/u/0/?usp=sheets_ald,Profile 1
2026-09-13 07:29:38,Google スプレッドシート,https://docs.google.com/spreadsheets/?usp=sheets_ald&authuser=0,Profile 1
2026-09-13 07:28:09,chrome.alarms api gas 拡張機能実行 - Google 検索,https://www.google.com/search?q=chrome.alarms+api+gas+%E6%8B%A1%E5%BC%B5%E6%A9%9F%E8%83%BD%E5%AE%9F%E8%A1%8C&sca_esv=f13a66db0e0c3e5b&rlz=1C1GCCB_enJP1173JP1173&sxsrf=APpeQnuxfi3OKPIy7qAaeUKBzNCGflpCeQ%3A1789252039614&ei=x9GlaueCJZqlvr0Pz9-Y4Ao&ved=2ahUKEwingvChi-qWAxWakq8BHc8vBqwQ4dUDegQIBhAM&uact=5&oq=chrome.alarms+api+gas+%E6%8B%A1%E5%BC%B5%E6%A9%9F%E8%83%BD%E5%AE%9F%E8%A1%8C&gs_lp=Egxnd3Mtd2l6LXNlcnAiKGNocm9tZS5hbGFybXMgYXBpIGdhcyDmi6HlvLXmqZ_og73lrp_ooYwyBRAAGO8FMgUQABjvBTIFEAAY7wVIhEBQlwVY0T1wAngAkAEAmAGmAaAB3xyqAQUxMC4yMbgBA8gBAPgBAZgCG6AC_BbCAggQABiABBiwA8ICBxAAGB4YsAPCAgQQABgewgIGEAAYCBgewgIFECEYoAHCAgQQIRgVwgIJECEYChigARgqwgIGECEYChgqwgIHECEYChigAcICBBAhGAqYAwCIBgGQBgqSBwQ5LjE4oAftObIHBDcuMTi4B_cWwgcFMTMuMTTIBx2ACAE&sclient=gws-wiz-serp,Profile 1
2026-09-13 07:27:42,Chrome拡張とGASを連携。初回の通信後は定期的に通信。 #GoogleAppsScript - Qiita,https://qiita.com/sakaimo/items/252038ede143ab1fc340,Profile 1
2026-09-13 07:27:40,chrome.alarms api gas 拡張機能実行 - Google 検索,https://www.google.com/search?q=chrome.alarms+api+gas+%E6%8B%A1%E5%BC%B5%E6%A9%9F%E8%83%BD%E5%AE%9F%E8%A1%8C&sca_esv=f13a66db0e0c3e5b&rlz=1C1GCCB_enJP1173JP1173&sxsrf=APpeQnuxfi3OKPIy7qAaeUKBzNCGflpCeQ%3A1789252039614&ei=x9GlaueCJZqlvr0Pz9-Y4Ao&ved=2ahUKEwingvChi-qWAxWakq8BHc8vBqwQ4dUDegQIBhAM&uact=5&oq=chrome.alarms+api+gas+%E6%8B%A1%E5%BC%B5%E6%A9%9F%E8%83%BD%E5%AE%9F%E8%A1%8C&gs_lp=Egxnd3Mtd2l6LXNlcnAiKGNocm9tZS5hbGFybXMgYXBpIGdhcyDmi6HlvLXmqZ_og73lrp_ooYwyBRAAGO8FMgUQABjvBTIFEAAY7wVIhEBQlwVY0T1wAngAkAEAmAGmAaAB3xyqAQUxMC4yMbgBA8gBAPgBAZgCG6AC_BbCAggQABiABBiwA8ICBxAAGB4YsAPCAgQQABgewgIGEAAYCBgewgIFECEYoAHCAgQQIRgVwgIJECEYChigARgqwgIGECEYChgqwgIHECEYChigAcICBBAhGAqYAwCIBgGQBgqSBwQ5LjE4oAftObIHBDcuMTi4B_cWwgcFMTMuMTTIBx2ACAE&sclient=gws-wiz-serp,Profile 1
2026-09-13 07:27:31,chrome.alarms - Google 検索,https://www.google.com/search?q=chrome.alarms&rlz=1C1GCCB_enJP1173JP1173&oq=chrome.alarms&gs_lcrp=EgZjaHJvbWUyBggAEEUYOTIHCAEQABiABDIGCAIQABgeMgYIAxAAGB4yBggEEAAYHjIGCAUQABgeMgYIBhAAGB4yBggHEAAYHjIGCAgQABgeMgYICRAAGB7SAQczODFqMGo3qAIAsAIA&sourceid=chrome&source=chrome.ob&ie=UTF-8,Profile 1
2026-09-13 07:27:21,chrome.alarms  |  API  |  Chrome for Developers,https://developer.chrome.com/docs/extensions/reference/api/alarms?hl=ja,Profile 1
2026-09-13 07:27:19,chrome.alarms - Google 検索,https://www.google.com/search?q=chrome.alarms&rlz=1C1GCCB_enJP1173JP1173&oq=chrome.alarms&gs_lcrp=EgZjaHJvbWUyBggAEEUYOTIHCAEQABiABDIGCAIQABgeMgYIAxAAGB4yBggEEAAYHjIGCAUQABgeMgYIBhAAGB4yBggHEAAYHjIGCAgQABgeMgYICRAAGB7SAQczODFqMGo3qAIAsAIA&sourceid=chrome&source=chrome.ob&ie=UTF-8,Profile 1
2026-09-13 07:23:23,Chrome履歴を用いた日報作成の自動化 - Google Gemini,https://gemini.google.com/app/ca2a5a4b4a0ac724?hl=ja,Profile 1
2026-09-13 07:23:16,Google Gemini,https://gemini.google.com/app?hl=ja,Profile 1
2026-09-13 07:20:50,Git Checkoutコマンドの基本と使い方 - Google Gemini,https://gemini.google.com/app/8801a2e758e0b26b?hl=ja,Profile 1
2026-09-13 07:20:40,Google Gemini,https://gemini.google.com/app?hl=ja,Profile 1
2026-09-13 07:16:25,Quick Chrome History Export - Chrome ウェブストア,https://chromewebstore.google.com/detail/quick-chrome-history-expo/acjbkgbpefalkaebgodhnbdgjbignonj,Profile 1
2026-09-13 07:16:25,Quick Chrome History Export - Chrome ウェブストア,https://chromewebstore.google.com/detail/acjbkgbpefalkaebgodhnbdgjbignonj,Profile 1
2026-09-13 07:16:05,Quick Chrome History Export,https://chrome-ext.tilda.ws/historyexportchrome,Profile 1
2026-09-13 07:15:56,Quick Chrome History Export - Chrome ウェブストア,https://chromewebstore.google.com/detail/quick-chrome-history-expo/acjbkgbpefalkaebgodhnbdgjbignonj?hl=ja&pli=1,Profile 1
2026-09-13 07:15:53,Chrome ウェブストア,https://chromewebstore.google.com/category/extensions?hl=ja,Profile 1
2026-09-13 07:15:44,Quick Chrome History Export - Chrome ウェブストア,https://chromewebstore.google.com/detail/quick-chrome-history-expo/acjbkgbpefalkaebgodhnbdgjbignonj?hl=ja&pli=1,Profile 1
2026-09-13 07:15:44,Quick Chrome History Export - Chrome ウェブストア,https://chromewebstore.google.com/accounts/SetOSID?authuser=0&continue=https://chromewebstore.google.com/detail/quick-chrome-history-expo/acjbkgbpefalkaebgodhnbdgjbignonj?hl%3Dja%26pli%3D1&osidt=ALWU2ctE3lJJRlARmdNKvx0CL4h6lhRBVMOTHPVI0GFY6AIOzaocoO2t9DIVPM5_cSZZKEyx-HcQ-1XZ5dGOJ5a1HSUf7ZDQa_c-Q9MPL9rw_O8QQrsKR-h6uVkiKagDB3_txVqNOoFaxGt2D9h7kpnHtRFzxc0LqvVzmMmcRokUGbzJQRD_3owOnjGnxpTtItLi_D5n_ni6uQM6aS5BeXe7Grd5mHjEulzFAUJFH6LDqOAoeG_eZ9WSQrtU-pJpidB80x7My8t29slLhw4VR6jho1dzxT_mlIVjA0yL_ouoL4ye9t24W8dgWNuO6_r4_xFB4Jh0JZdDiF95XODyxdQTjtXqZcCeW60p7MuEVGuwDbDdTcCxx0k7W_uuhrbANvwOhTKPYGr33XlMILlk3v3WmiJfX5xT3pOgPT1z6qOW-9PjKyB6CFqdKT4hOjuUmLky0WMA7zNd8dlhB1L5CNAeUTuJS3ZIMxUhm1RhOuNVQZKhg_HvWl4,Profile 1
2026-09-13 07:15:44,Quick Chrome History Export - Chrome ウェブストア,https://accounts.google.com/ServiceLogin?passive=1209600&osid=1&continue=https://chromewebstore.google.com/detail/quick-chrome-history-expo/acjbkgbpefalkaebgodhnbdgjbignonj?hl%3Dja&followup=https://chromewebstore.google.com/detail/quick-chrome-history-expo/acjbkgbpefalkaebgodhnbdgjbignonj?hl%3Dja&hl=ja&authuser=0,Profile 1
2026-09-13 07:15:44,Quick Chrome History Export - Chrome ウェブストア,https://chromewebstore.google.com/detail/quick-chrome-history-expo/acjbkgbpefalkaebgodhnbdgjbignonj?hl=ja,Profile 1
2026-09-13 07:15:40,Export History - Google 検索,https://www.google.com/search?q=Export+History&rlz=1C1GCCB_enJP1173JP1173&oq=Export+History&gs_lcrp=EgZjaHJvbWUyBggAEEUYOTIGCAEQABgeMgYIAhAAGB4yBggDEAAYHjIGCAQQABgeMgYIBRAAGB4yBggGEAAYHjIGCAcQABgeMgYICBAAGB4yCAgJEAAYChge0gEHNjMwajBqN6gCALACAA&sourceid=chrome&source=chrome.ob&ie=UTF-8,Profile 1
2026-09-13 07:14:47,Chrome履歴を用いた日報作成の自動化 - Google Gemini,https://gemini.google.com/app/ca2a5a4b4a0ac724?hl=ja,Profile 1
2026-09-13 07:14:32,Google Gemini,https://gemini.google.com/app?hl=ja,Profile 1
2026-09-13 07:11:40,GitHub Actions で開発タスクを自動化する方法 - Training | Microsoft Learn,https://learn.microsoft.com/ja-jp/training/modules/github-actions-automate-tasks/2-github-actions-automate-development-tasks,Profile 1
2026-09-13 07:10:32,技術書典20,https://techbookfest.org/event/tbf20,Profile 1
2026-09-13 07:09:46,GitHub Actions で開発タスクを自動化する方法 - Training | Microsoft Learn,https://learn.microsoft.com/ja-jp/training/modules/github-actions-automate-tasks/1-introduction,Profile 1
2026-09-13 07:09:46,GitHub Actions で開発タスクを自動化する方法 - Training | Microsoft Learn,https://learn.microsoft.com/ja-jp/training/modules/github-actions-automate-tasks/1-introduction/,Profile 1
2026-09-13 07:09:43,GitHub Actions を使用してワークフローを自動化する パート 1/2 - Training | Microsoft Learn,https://learn.microsoft.com/ja-jp/training/paths/github-actions/,Profile 1
2026-09-13 07:05:46,試験 GH-200 の学習ガイド: GitHub Actions | Microsoft Learn,https://learn.microsoft.com/ja-jp/credentials/certifications/resources/study-guides/gh-200,Profile 1
2026-09-13 07:05:36,GitHub Actions - Certifications | Microsoft Learn,https://learn.microsoft.com/ja-jp/credentials/certifications/github-actions/?practice-assessment-type=certification,Profile 1
2026-09-13 07:05:35,GitHub Actions - Certifications | Microsoft Learn,https://learn.microsoft.com/ja-jp/credentials/certifications/github-actions/,Profile 1
2026-09-13 07:02:14,APC社内ポータル,https://sites.google.com/search/ap-com.co.jp/portal?query=%E6%8A%80%E8%A1%93%E6%9B%B8&scope=organization,Profile 1
2026-09-13 07:01:57,APC社内ポータル,https://sites.google.com/search/ap-com.co.jp/portal?query=%E6%9C%AC&scope=organization,Profile 1
2026-09-13 07:01:53,,https://www.gstatic.com/atari/embeds/a33dbcfd53ba8bc79db211803a383b5f/intermediate-frame-minified.html?jsh=m%3B%2F_%2Fscs%2Fabc-static%2F_%2Fjs%2Fk%3Dgapi.lb.ja.M6fNbLCQVLg.O%2Fd%3D1%2Frs%3DAHpOoo96l1cuFrlaq6TmC7Jq8ZoVR-DaiA%2Fm%3D__features__&r=297963544,Profile 1
2026-09-13 07:01:53,,https://www.gstatic.com/atari/embeds/a33dbcfd53ba8bc79db211803a383b5f/intermediate-frame-minified.html?jsh=m%3B%2F_%2Fscs%2Fabc-static%2F_%2Fjs%2Fk%3Dgapi.lb.ja.M6fNbLCQVLg.O%2Fd%3D1%2Frs%3DAHpOoo96l1cuFrlaq6TmC7Jq8ZoVR-DaiA%2Fm%3D__features__&r=686733530,Profile 1
2026-09-13 07:01:52,APC社内ポータル,https://sites.google.com/ap-com.co.jp/portal/portal,Profile 1
2026-09-13 07:01:47,尾久図書館 - Google 検索,https://www.google.com/search?q=%E5%B0%BE%E4%B9%85%E5%9B%B3%E6%9B%B8%E9%A4%A8&rlz=1C1GCCB_enJP1173JP1173&oq=%E5%B0%BE%E4%B9%85%E5%9B%B3%E6%9B%B8%E9%A4%A8&gs_lcrp=EgZjaHJvbWUyBggAEEUYOTIHCAEQABiABDIHCAIQABiABDIHCAMQABiABDIHCAQQABiABDIHCAUQABiABDIHCAYQABiABDIHCAcQABiABDIHCAgQABiABDIHCAkQABiABNIBCDcxOTNqMGo3qAIAsAIA&sourceid=chrome&source=chrome.ob&ie=UTF-8,Profile 1
2026-09-13 07:01:45,尾久図書館 － 荒川区立図書館,https://www.library.city.arakawa.tokyo.jp/contents?1&pid=88,Profile 1
2026-09-13 07:01:42,さがす － 荒川区立図書館,https://www.library.city.arakawa.tokyo.jp/menucontents?2&pid=18,Profile 1
2026-09-13 07:01:42,資料検索結果一覧 － 荒川区立図書館,https://www.library.city.arakawa.tokyo.jp/totalresult?3&key=GitHub%2BCI%252FCD%25E5%25AE%259F%25E8%25B7%25B5%25E3%2582%25AC%25E3%2582%25A4%25E3%2583%2589&mv=20&sort=0&pcnt=1&reqsch=0&retresult=page%3DTOTAL%26key%3DGitHub%2BCI%252FCD%25E5%25AE%259F%25E8%25B7%25B5%25E3%2582%25AC%25E3%2582%25A4%25E3%2583%2589%26mv%3D20%26pcnt%3D1%26reqsch%3D0%26sort%3D0%26,Profile 1
2026-09-13 07:01:37,資料詳細 － 荒川区立図書館,https://www.library.city.arakawa.tokyo.jp/bookdetail?5&retresult=page%3DTOTAL%26key%3DGitHub%2BCI%252FCD%25E5%25AE%259F%25E8%25B7%25B5%25E3%2582%25AC%25E3%2582%25A4%25E3%2583%2589%26mv%3D20%26pcnt%3D1%26reqsch%3D0%26sort%3D0%26&num=3032300&ctg=1&reqsch=0,Profile 1
2026-09-13 07:01:37,資料詳細 － 荒川区立図書館,https://www.library.city.arakawa.tokyo.jp/bookdetail?retresult=page%3DTOTAL%26key%3DGitHub%2BCI%252FCD%25E5%25AE%259F%25E8%25B7%25B5%25E3%2582%25AC%25E3%2582%25A4%25E3%2583%2589%26mv%3D20%26pcnt%3D1%26reqsch%3D0%26sort%3D0%26&num=3032300&ctg=1&reqsch=0,Profile 1
2026-09-13 07:01:35,資料検索結果一覧 － 荒川区立図書館,https://www.library.city.arakawa.tokyo.jp/totalresult?3&key=GitHub%2BCI%252FCD%25E5%25AE%259F%25E8%25B7%25B5%25E3%2582%25AC%25E3%2582%25A4%25E3%2583%2589&mv=20&sort=0&pcnt=1&reqsch=0&retresult=page%3DTOTAL%26key%3DGitHub%2BCI%252FCD%25E5%25AE%259F%25E8%25B7%25B5%25E3%2582%25AC%25E3%2582%25A4%25E3%2583%2589%26mv%3D20%26pcnt%3D1%26reqsch%3D0%26sort%3D0%26,Profile 1
2026-09-13 07:01:29,資料詳細 － 荒川区立図書館,https://www.library.city.arakawa.tokyo.jp/bookdetail?4&retresult=page%3DTOTAL%26key%3DGitHub%2BCI%252FCD%25E5%25AE%259F%25E8%25B7%25B5%25E3%2582%25AC%25E3%2582%25A4%25E3%2583%2589%26mv%3D20%26pcnt%3D1%26reqsch%3D0%26sort%3D0%26&num=3032300&ctg=1&reqsch=0,Profile 1
2026-09-13 07:01:29,資料詳細 － 荒川区立図書館,https://www.library.city.arakawa.tokyo.jp/bookdetail?retresult=page%3DTOTAL%26key%3DGitHub%2BCI%252FCD%25E5%25AE%259F%25E8%25B7%25B5%25E3%2582%25AC%25E3%2582%25A4%25E3%2583%2589%26mv%3D20%26pcnt%3D1%26reqsch%3D0%26sort%3D0%26&num=3032300&ctg=1&reqsch=0,Profile 1
2026-09-13 07:01:24,資料検索結果一覧 － 荒川区立図書館,https://www.library.city.arakawa.tokyo.jp/totalresult?3&key=GitHub%2BCI%252FCD%25E5%25AE%259F%25E8%25B7%25B5%25E3%2582%25AC%25E3%2582%25A4%25E3%2583%2589&mv=20&sort=0&pcnt=1&reqsch=0&retresult=page%3DTOTAL%26key%3DGitHub%2BCI%252FCD%25E5%25AE%259F%25E8%25B7%25B5%25E3%2582%25AC%25E3%2582%25A4%25E3%2583%2589%26mv%3D20%26pcnt%3D1%26reqsch%3D0%26sort%3D0%26,Profile 1
2026-09-13 07:01:24,資料検索結果一覧 － 荒川区立図書館,https://www.library.city.arakawa.tokyo.jp/totalresult?key=GitHub%2BCI%252FCD%25E5%25AE%259F%25E8%25B7%25B5%25E3%2582%25AC%25E3%2582%25A4%25E3%2583%2589&mv=20&sort=0&pcnt=1&reqsch=0,Profile 1
2026-09-13 07:01:22,さがす － 荒川区立図書館,https://www.library.city.arakawa.tokyo.jp/menucontents?2&pid=18,Profile 1
2026-09-13 07:01:22,さがす － 荒川区立図書館,https://www.library.city.arakawa.tokyo.jp/menucontents?pid=18,Profile 1
2026-09-13 07:01:16,尾久図書館 － 荒川区立図書館,https://www.library.city.arakawa.tokyo.jp/contents?1&pid=88,Profile 1
2026-09-13 07:01:16,尾久図書館 － 荒川区立図書館,https://www.library.city.arakawa.tokyo.jp/contents;jsessionid=01FA6FB41F71DE02A3D18BD41BB1C09E?pid=88,Profile 1
2026-09-13 07:01:16,尾久図書館 － 荒川区立図書館,https://www.library.city.arakawa.tokyo.jp/contents?pid=88,Profile 1
2026-09-13 07:01:14,尾久図書館 - Google 検索,https://www.google.com/search?q=%E5%B0%BE%E4%B9%85%E5%9B%B3%E6%9B%B8%E9%A4%A8&rlz=1C1GCCB_enJP1173JP1173&oq=%E5%B0%BE%E4%B9%85%E5%9B%B3%E6%9B%B8%E9%A4%A8&gs_lcrp=EgZjaHJvbWUyBggAEEUYOTIHCAEQABiABDIHCAIQABiABDIHCAMQABiABDIHCAQQABiABDIHCAUQABiABDIHCAYQABiABDIHCAcQABiABDIHCAgQABiABDIHCAkQABiABNIBCDcxOTNqMGo3qAIAsAIA&sourceid=chrome&source=chrome.ob&ie=UTF-8,Profile 1
2026-09-13 07:01:00,GitHub CI/CD実践ガイド――持続可能なソフトウェア開発を支えるGitHub Actionsの設計と運用 (エンジニア選書) | 野村 友規 |本 | 通販 | Amazon,https://www.amazon.co.jp/GitHub-CI-CD%E5%AE%9F%E8%B7%B5%E3%82%AC%E3%82%A4%E3%83%89%E2%80%95%E2%80%95%E6%8C%81%E7%B6%9A%E5%8F%AF%E8%83%BD%E3%81%AA%E3%82%BD%E3%83%95%E3%83%88%E3%82%A6%E3%82%A7%E3%82%A2%E9%96%8B%E7%99%BA%E3%82%92%E6%94%AF%E3%81%88%E3%82%8BGitHub-Actions%E3%81%AE%E8%A8%AD%E8%A8%88%E3%81%A8%E9%81%8B%E7%94%A8-%E3%82%A8%E3%83%B3%E3%82%B8%E3%83%8B%E3%82%A2%E9%81%B8%E6%9B%B8/dp/4297141736?&linkCode=sl1&tag=akitainuoto-22&linkId=77a56e07b7978fa880eea4a3e1f9992b&language=ja_JP&ref_=as_li_ss_tl,Profile 1
2026-09-13 07:01:00,GitHub CI/CD実践ガイド――持続可能なソフトウェア開発を支えるGitHub Actionsの設計と運用 (エンジニア選書) | 野村 友規 |本 | 通販 | Amazon,https://amzn.to/3Kpb1en,Profile 1
2026-09-13 07:00:04,GitHub Actions (GH-200) 合格体験記と学習のコツ🚀 #GitHubActions - Qiita,https://qiita.com/aktsmm/items/57bd1ce5760f508cb1ec,Profile 1
2026-09-13 07:00:01,github actions 資格 - Google 検索,https://www.google.com/search?q=github+actions+%E8%B3%87%E6%A0%BC&rlz=1C1GCCB_enJP1173JP1173&oq=github+action&gs_lcrp=EgZjaHJvbWUqBggAEEUYOzIGCAAQRRg7MgYIARBFGDkyCggCEAAYsQMYgAQyBwgDEAAYgAQyBwgEEAAYgAQyBwgFEAAYgAQyBggGEEUYPDIGCAcQRRg80gEINDA4NmowajeoAgCwAgA&sourceid=chrome&source=chrome.ob&ie=UTF-8,Profile 1
2026-09-13 06:59:49,マイラーニング | Udemy,https://www.udemy.com/home/my-courses/learning/,Profile 1
2026-09-13 06:59:46,マイラーニング | Udemy,https://www.udemy.com/home/my-courses/,Profile 1
2026-09-13 06:59:35,オンラインコース - いろんなことを、あなたのペースで | Udemy,https://www.udemy.com/,Profile 1
2026-09-13 06:59:32,Sign In - Google Accounts,https://accounts.google.com/gsi/transform,Profile 1
2026-09-13 06:59:32,,https://accounts.google.com/signin/oauth/consent?as=S1345360026%3A1789250364436707&authuser=0&client_id=700206021005-as1l679sch207mp70msgjhma1krf3k9q.apps.googleusercontent.com&flowName=GeneralOAuthFlow&part=AJi8hAMseBr-wHfP8AfyrOxSNoOW1GW4OmTNkSnaON16rJK_mXgsLRJlnv-Tp5Pj5kMHpe_lB3V4kh2QpSrqBDkUQrqRp6t-IZZBFhvUBlP8nHB4uCl61E9QzmFPKjCjzT69qXa4G-b0xXK-gHj5_L0PNZi-YiD4EWOdR-P5vCT_8Fme_qKlNZBsA4sy79FBBiDV97DWDCXQUPJvLWsqywww-J0xn3PVZP7mPQio12PU8jplhDFGI8a-8cuwvGzSt35JCMyWVxzDEKx0-5KvyBVXIu78VuGI3pvtISY6opjMDA_Fjj38shAYeFm-cnpoohTOj9hmtED55f7pvMFfbkz3Jzt3lUZFXRl-1bRRxzzn1llgWz1BUJ1B0J8P71TgT3jKvg0HNRG0zXSYsh6ltvhgRm_KatffTv87KV2dHhGnU4ChFIXd1InfLatUZHH9Ka079hfffSB_4nirgQuFp3vDkflQbS6NIv3hl6jJsiFfkHMzyiw7IIaTd7fEZ8KhObD1zThDb4vcqK6CoC2-WlYqUQCSWGZf12e706TQ9KXyPZZldjJSZfnqdsY8x2C7xPmmltdxpljRPvb3dOt--2oRClKE9EdP5eOWiH7oG-9Fd8kGtD8QNWePOWOJsOvcNYS-kCs6eFD0ulS56k1NFq-z2JKmyRIVq_t1O2JH1AaUnT_uWRsnZ36wqP_63v68w2JTyU87Bqfz8_63-nzvaZQ0AyU_5tzG7WOa2SRPlQ2pTqlG8HenCXhmw0WBsgJ7tH-HPKPt3LkHIqw7tZ3NR5EK6F1yVPDUbwo_C0Epz68SoJaSLnbsc2LfQ5cmDHWVMHucWDPe2E2XP_n8FCk0PKoiNYvnP_u7JYvZ9yNDiPrGeYGOTYEGZvRlA7rxvQpRNrAc0qXE8tfXbcDCNV7CPlIZsOvS8AG7nmh2TgrcN-fFxThw4kgVrfWTa3YO8hGWLQuotNSLwdN4Y9XY6Aha_HK6mlSeakky3JCLEgtab2ZlJKeq8vRt6OM&rapt=AEjHL4NbKgNUEtytpc4yWqW-c90I-6DG8ZiWcVs4wPtsqfoRPXLB0BMZrvf_iNbH4eJBAil-J072CI2YJJp_4IVC_wOM1KmgthibmW3trNiGxPUKMnOPphs&xsrf=AEnXckY6QNg0-kHkOVyp2ACHpT1L%3A1789250367762,Profile 1
2026-09-13 06:59:27,ログイン - Google アカウント,https://accounts.google.com/signin/oauth/id?authuser=0&part=AJi8hAP0zzAMwrz1PEemyWBoEqHVhucTHo5oBS7e1jNYKxnOrMrkHN6rk7VXjpcQU1vyROpR4plfph4iDScMJJm1lgbg0kk9Yq07zkgn3IlkDkNHcz9Q7Sp9tU3p5-kPXm-vfEUiFVwHZnNT_aWO1kZf3QqeCNEo0Ox3pc9JKDMxnaUHGiogpy2xpctiRt7k7WpGLPJOH2Wxwuii11SPPnrCQgqzKk9QUhCA1gBkfPxRlQeAL5Zak4cTlJol4Qasc6YXKnpV9x1vtTNbBf9WsxUVj-rLftHldfHMB8mJIeXriAxVIM1fW6YtQP14d3WpxbMSfwAdMH8l402qAedaljFjJxIYfGflkFxEwAMlMPsDlCtIj_imfa5JDDQPqr8dez9TrcNWU7InPDs6O8xXtvF1UZwgGm4EreC5f_V8fSPEGRU358AgAvGvvPzuBpo1jJNkiO0-Nco8nxdzOBhgqi0eM4dCRBXZYuErhNmKvc_ksXYEdEqeS1zPD5O-gWECk0vb72jXBfa3kyPCYnJF-uWFCB33yiyc26SzwFAWk0c7tgdUM2BR8J4tajeEbLu5xbiJSp4YG6ytHpTvWeJXNJGITkeiENwY_lg-l_fynZE2c_6I3rtFDS5LUOkFMvJkTUaL794IFlneDWB3TLg-i4XDE7dKj_8Ak-ghqPPY0t95DEjonWv90kdDtKsi3ykTBxqm7BqeeUo4F4bhCjwNLbIp-DPEGb5FdSqmTZBzhw9ndmANh6Fo2RwjoFup-Ki7B4AKA_eHSwIRcfKHOzOtJr3BFDXJh3-6VUSGrjvjah2eK_RhfdkYxKwymGEJvcgLGxND273_wdPblWfwCZVxZ11DOLgSjyG5SzKwl_Dos4OT591xoURTLw3qBDkvlpd-QOiaBevsL9Tcoa5rF9j5H7FJTyxYPoVI42t2SAfpSO2f3wMOkv-gE9dlL6plQIvLcX_7_S_sbZj5ZS_IejbxywL0XRf0GLUQCm41mi9r7D6BFvNqXNrkmCI&flowName=GeneralOAuthFlow&as=S1345360026%3A1789250364436707&client_id=700206021005-as1l679sch207mp70msgjhma1krf3k9q.apps.googleusercontent.com&rapt=AEjHL4NbKgNUEtytpc4yWqW-c90I-6DG8ZiWcVs4wPtsqfoRPXLB0BMZrvf_iNbH4eJBAil-J072CI2YJJp_4IVC_wOM1KmgthibmW3trNiGxPUKMnOPphs#,Profile 1
2026-09-13 06:59:27,ログイン - Google アカウント,https://accounts.google.com/signin/oauth/consent?authuser=0&part=AJi8hANJ0HdQ_k0GPZZOfAEDO3AgBbdUbIG8RYoMB08nk3eFfBQlCijej4uizZkgXbym2xglVsDCTZl9Mm8v6xbjm4Y41_-To2IoticGKBv3SHn8ouaiFJ17CQLemv6XrCHq11MUhvF0GMFKD3Ci7OjBJabuQf8NGCgRoN8-j4ppJMHEVoKrb9WqwKHlJsyf3bHJu3UswomOpNYTZ2oSOgSIxpe20FbHhX9HQxruv5dhVmaSRl1__UPfH5-mAkH5Uds-mub3MI7a5pP7KT7GSV5MQLfYpI6LQ4Ix98hEHS454xCbA_ReovbCDgB7sAydDRk2l8YAERx-Yalc4JOvyQWKseJS_fwTHbz3Fy-eYZ1aTwOydRFijspef4LzgeVi633RVtNsIJbgpd7pveS3USN5MUtXWpj-Y44rapu8kU5m8FLBYHFhZdwe53bFgJF9G88RMFUw4YTntnwq_Mnzoww_GTquicBscg&flowName=GeneralOAuthFlow&as=S1345360026%3A1789250364436707&client_id=700206021005-as1l679sch207mp70msgjhma1krf3k9q.apps.googleusercontent.com&requestPath=%2Fsignin%2Foauth%2Fconsent&pli=1&rapt=AEjHL4NbKgNUEtytpc4yWqW-c90I-6DG8ZiWcVs4wPtsqfoRPXLB0BMZrvf_iNbH4eJBAil-J072CI2YJJp_4IVC_wOM1KmgthibmW3trNiGxPUKMnOPphs,Profile 1
2026-09-13 06:59:27,ログイン - Google アカウント,https://accounts.google.com/InteractiveLogin?authuser=0&continue=https://accounts.google.com/signin/oauth/consent?authuser%3D0%26part%3DAJi8hANJ0HdQ_k0GPZZOfAEDO3AgBbdUbIG8RYoMB08nk3eFfBQlCijej4uizZkgXbym2xglVsDCTZl9Mm8v6xbjm4Y41_-To2IoticGKBv3SHn8ouaiFJ17CQLemv6XrCHq11MUhvF0GMFKD3Ci7OjBJabuQf8NGCgRoN8-j4ppJMHEVoKrb9WqwKHlJsyf3bHJu3UswomOpNYTZ2oSOgSIxpe20FbHhX9HQxruv5dhVmaSRl1__UPfH5-mAkH5Uds-mub3MI7a5pP7KT7GSV5MQLfYpI6LQ4Ix98hEHS454xCbA_ReovbCDgB7sAydDRk2l8YAERx-Yalc4JOvyQWKseJS_fwTHbz3Fy-eYZ1aTwOydRFijspef4LzgeVi633RVtNsIJbgpd7pveS3USN5MUtXWpj-Y44rapu8kU5m8FLBYHFhZdwe53bFgJF9G88RMFUw4YTntnwq_Mnzoww_GTquicBscg%26flowName%3DGeneralOAuthFlow%26as%3DS1345360026%253A1789250364436707%26client_id%3D700206021005-as1l679sch207mp70msgjhma1krf3k9q.apps.googleusercontent.com%26requestPath%3D%252Fsignin%252Foauth%252Fconsent%26pli%3D1&rart=ANgoxcd6r4XHUiWT3FuKDuoLfyRtClRBbAPB1MilZWFWlD3jU86R2P5CMa81pPbINsNrRVcunkmaS00TAHlHoxakyrdJErVZxD_C1o_qi1YsZv1mvTXTL3Y&dsh=S1093304675:1789250366602139,Profile 1
2026-09-13 06:59:27,ログイン - Google アカウント,https://accounts.google.com/ServiceLogin?rart=ANgoxcd6r4XHUiWT3FuKDuoLfyRtClRBbAPB1MilZWFWlD3jU86R2P5CMa81pPbINsNrRVcunkmaS00TAHlHoxakyrdJErVZxD_C1o_qi1YsZv1mvTXTL3Y&continue=https%3A%2F%2Faccounts.google.com%2Fsignin%2Foauth%2Fconsent%3Fauthuser%3D0%26part%3DAJi8hANJ0HdQ_k0GPZZOfAEDO3AgBbdUbIG8RYoMB08nk3eFfBQlCijej4uizZkgXbym2xglVsDCTZl9Mm8v6xbjm4Y41_-To2IoticGKBv3SHn8ouaiFJ17CQLemv6XrCHq11MUhvF0GMFKD3Ci7OjBJabuQf8NGCgRoN8-j4ppJMHEVoKrb9WqwKHlJsyf3bHJu3UswomOpNYTZ2oSOgSIxpe20FbHhX9HQxruv5dhVmaSRl1__UPfH5-mAkH5Uds-mub3MI7a5pP7KT7GSV5MQLfYpI6LQ4Ix98hEHS454xCbA_ReovbCDgB7sAydDRk2l8YAERx-Yalc4JOvyQWKseJS_fwTHbz3Fy-eYZ1aTwOydRFijspef4LzgeVi633RVtNsIJbgpd7pveS3USN5MUtXWpj-Y44rapu8kU5m8FLBYHFhZdwe53bFgJF9G88RMFUw4YTntnwq_Mnzoww_GTquicBscg%26flowName%3DGeneralOAuthFlow%26as%3DS1345360026%253A1789250364436707%26client_id%3D700206021005-as1l679sch207mp70msgjhma1krf3k9q.apps.googleusercontent.com%26requestPath%3D%252Fsignin%252Foauth%252Fconsent%26pli%3D1&authuser=0,Profile 1
2026-09-13 06:59:27,ログイン - Google アカウント,https://accounts.google.com/signin/oauth/consent?authuser=0&part=AJi8hANJ0HdQ_k0GPZZOfAEDO3AgBbdUbIG8RYoMB08nk3eFfBQlCijej4uizZkgXbym2xglVsDCTZl9Mm8v6xbjm4Y41_-To2IoticGKBv3SHn8ouaiFJ17CQLemv6XrCHq11MUhvF0GMFKD3Ci7OjBJabuQf8NGCgRoN8-j4ppJMHEVoKrb9WqwKHlJsyf3bHJu3UswomOpNYTZ2oSOgSIxpe20FbHhX9HQxruv5dhVmaSRl1__UPfH5-mAkH5Uds-mub3MI7a5pP7KT7GSV5MQLfYpI6LQ4Ix98hEHS454xCbA_ReovbCDgB7sAydDRk2l8YAERx-Yalc4JOvyQWKseJS_fwTHbz3Fy-eYZ1aTwOydRFijspef4LzgeVi633RVtNsIJbgpd7pveS3USN5MUtXWpj-Y44rapu8kU5m8FLBYHFhZdwe53bFgJF9G88RMFUw4YTntnwq_Mnzoww_GTquicBscg&flowName=GeneralOAuthFlow&as=S1345360026:1789250364436707&client_id=700206021005-as1l679sch207mp70msgjhma1krf3k9q.apps.googleusercontent.com&requestPath=/signin/oauth/consent&pli=1#,Profile 1
2026-09-13 06:59:27,ログイン - Google アカウント,https://accounts.google.com/ServiceLogin?access_type=offline&app_domain=https%3A%2F%2Fwww.udemy.com&authuser=0&client_id=700206021005-as1l679sch207mp70msgjhma1krf3k9q.apps.googleusercontent.com&continue=https%3A%2F%2Faccounts.google.com%2Fsignin%2Foauth%2Fconsent%3Fauthuser%3Dunknown%26part%3DAJi8hANJ0HdQ_k0GPZZOfAEDO3AgBbdUbIG8RYoMB08nk3eFfBQlCijej4uizZkgXbym2xglVsDCTZl9Mm8v6xbjm4Y41_-To2IoticGKBv3SHn8ouaiFJ17CQLemv6XrCHq11MUhvF0GMFKD3Ci7OjBJabuQf8NGCgRoN8-j4ppJMHEVoKrb9WqwKHlJsyf3bHJu3UswomOpNYTZ2oSOgSIxpe20FbHhX9HQxruv5dhVmaSRl1__UPfH5-mAkH5Uds-mub3MI7a5pP7KT7GSV5MQLfYpI6LQ4Ix98hEHS454xCbA_ReovbCDgB7sAydDRk2l8YAERx-Yalc4JOvyQWKseJS_fwTHbz3Fy-eYZ1aTwOydRFijspef4LzgeVi633RVtNsIJbgpd7pveS3USN5MUtXWpj-Y44rapu8kU5m8FLBYHFhZdwe53bFgJF9G88RMFUw4YTntnwq_Mnzoww_GTquicBscg%26flowName%3DGeneralOAuthFlow%26as%3DS1345360026%253A1789250364436707%26client_id%3D700206021005-as1l679sch207mp70msgjhma1krf3k9q.apps.googleusercontent.com%26requestPath%3D%252Fsignin%252Foauth%252Fconsent%23&display=popup&dsh=S1345360026%3A1789250364436707&flowName=GeneralOAuthFlow&gsiwebsdk=gis_attributes&include_granted_scopes=true&o2v=1&opparams=%253Fgislp%253D1%2526response_mode%253Dform_post%2526enable_granular_consent%253Dtrue%2526gis_params%253DGBMqK1JLelZBNHRESmNyUmwramlNeFNwdzFoS0l1MFh5VENFdXBUT2o4TzZjK3M4AUIKYXV0aDE5Mzg4M2gB%2526upstream_experiment_id%253D117788636&origin=https%3A%2F%2Fwww.udemy.com&passive=true&prompt=consent&redirect_uri=gis_transform&response_type=code&sacu=1&scope=email%20profile&service=lso,Profile 1
2026-09-13 06:59:24,ログイン - Google アカウント,https://accounts.google.com/v3/signin/accountchooser?access_type=offline&client_id=700206021005-as1l679sch207mp70msgjhma1krf3k9q.apps.googleusercontent.com&display=popup&enable_granular_consent=true&gis_params=GBMqK1JLelZBNHRESmNyUmwramlNeFNwdzFoS0l1MFh5VENFdXBUT2o4TzZjK3M4AUIKYXV0aDE5Mzg4M2gB&gislp=1&gsiwebsdk=gis_attributes&include_granted_scopes=true&origin=https%3A%2F%2Fwww.udemy.com&prompt=consent&redirect_uri=gis_transform&response_mode=form_post&response_type=code&scope=email+profile&upstream_experiment_id=117788636&dsh=S1345360026%3A1789250364436707&o2v=1&service=lso&flowName=GeneralOAuthFlow&opparams=%253Fgislp%253D1%2526response_mode%253Dform_post%2526enable_granular_consent%253Dtrue%2526gis_params%253DGBMqK1JLelZBNHRESmNyUmwramlNeFNwdzFoS0l1MFh5VENFdXBUT2o4TzZjK3M4AUIKYXV0aDE5Mzg4M2gB%2526upstream_experiment_id%253D117788636&continue=https%3A%2F%2Faccounts.google.com%2Fsignin%2Foauth%2Fconsent%3Fauthuser%3Dunknown%26part%3DAJi8hANJ0HdQ_k0GPZZOfAEDO3AgBbdUbIG8RYoMB08nk3eFfBQlCijej4uizZkgXbym2xglVsDCTZl9Mm8v6xbjm4Y41_-To2IoticGKBv3SHn8ouaiFJ17CQLemv6XrCHq11MUhvF0GMFKD3Ci7OjBJabuQf8NGCgRoN8-j4ppJMHEVoKrb9WqwKHlJsyf3bHJu3UswomOpNYTZ2oSOgSIxpe20FbHhX9HQxruv5dhVmaSRl1__UPfH5-mAkH5Uds-mub3MI7a5pP7KT7GSV5MQLfYpI6LQ4Ix98hEHS454xCbA_ReovbCDgB7sAydDRk2l8YAERx-Yalc4JOvyQWKseJS_fwTHbz3Fy-eYZ1aTwOydRFijspef4LzgeVi633RVtNsIJbgpd7pveS3USN5MUtXWpj-Y44rapu8kU5m8FLBYHFhZdwe53bFgJF9G88RMFUw4YTntnwq_Mnzoww_GTquicBscg%26flowName%3DGeneralOAuthFlow%26as%3DS1345360026%253A1789250364436707%26client_id%3D700206021005-as1l679sch207mp70msgjhma1krf3k9q.apps.googleusercontent.com%26requestPath%3D%252Fsignin%252Foauth%252Fconsent%23&app_domain=https%3A%2F%2Fwww.udemy.com,Profile 1
2026-09-13 06:59:24,ログイン - Google アカウント,https://accounts.google.com/o/oauth2/v2/auth?gsiwebsdk=gis_attributes&client_id=700206021005-as1l679sch207mp70msgjhma1krf3k9q.apps.googleusercontent.com&scope=email%20profile&redirect_uri=gis_transform&prompt=consent&access_type=offline&response_type=code&include_granted_scopes=true&enable_granular_consent=true&gis_params=GBMqK1JLelZBNHRESmNyUmwramlNeFNwdzFoS0l1MFh5VENFdXBUT2o4TzZjK3M4AUIKYXV0aDE5Mzg4M2gB&origin=https%3A%2F%2Fwww.udemy.com&display=popup&response_mode=form_post&gislp=1&upstream_experiment_id=117788636,Profile 1
2026-09-13 06:59:21,オンラインコース - いろんなことを、あなたのペースで | Udemy,https://www.udemy.com/join/passwordless-auth/?action=login&mode,Profile 1
2026-09-13 06:59:21,オンラインコース - いろんなことを、あなたのペースで | Udemy,https://www.udemy.com/join/login-popup/,Profile 1
2026-09-13 06:59:19,【うかる！】GH-200：GitHub Actions Certification 最強問題集,https://www.udemy.com/course/gh-200github-actions-certification/?utm_campaign=Search_DSA_Beta_Prof_la.JA_cc.JP&utm_source=google&utm_medium=paid-search&portfolio=Japan&utm_audience=mx&utm_tactic=nb&utm_term=_._ag_167497668958_._ad_711539479624_._kw_&utm_content=g&funnel=&test=&gad_source=1&gad_campaignid=21648487903&gbraid=0AAAAADROdO3MLMANzu2eT5E9g1PYfNvuO&gclid=Cj0KCQjw8JPVBhD-ARIsAO691sH9aRT4_y23XdFT8LxTlHAITFJm_f28qteFSdPYVUx4Ose9r1EZJ78aAt0xEALw_wcB&couponCode=PMNVD2525,Profile 1
2026-09-13 06:59:17,【うかる！】GH-200：GitHub Actions Certification 最強問題集,https://www.udemy.com/course/gh-200github-actions-certification/?utm_campaign=Search_DSA_Beta_Prof_la.JA_cc.JP&utm_source=google&utm_medium=paid-search&portfolio=Japan&utm_audience=mx&utm_tactic=nb&utm_term=_._ag_167497668958_._ad_711539479624_._kw_&utm_content=g&funnel=&test=&gad_source=1&gad_campaignid=21648487903&gbraid=0AAAAADROdO3MLMANzu2eT5E9g1PYfNvuO&gclid=Cj0KCQjw8JPVBhD-ARIsAO691sH9aRT4_y23XdFT8LxTlHAITFJm_f28qteFSdPYVUx4Ose9r1EZJ78aAt0xEALw_wcB,Profile 1
2026-09-13 06:59:17,【うかる！】GH-200：GitHub Actions Certification 最強問題集,https://www.google.com/aclk?sa=L&pf=1&ai=DChsSEwiHit39hOqWAxWwkmYCHdumPQcYACICCAEQABoCc20&co=1&ase=2&gclid=Cj0KCQjw8JPVBhD-ARIsAO691sH9aRT4_y23XdFT8LxTlHAITFJm_f28qteFSdPYVUx4Ose9r1EZJ78aAt0xEALw_wcB&cid=CAASWuRortwa3Qu-IKQy4jUxPwuNQKFMdc7e9OzrAyACUJ8mfU98zGYIm-m9lIanFtUmEz9TNilBUAnHtaaWr4JYCJ-u5db9cJtB7NTNfxaD8TodGJeVc3WQE3q9xQ&cce=2&category=acrcp_v1_32&sig=AOD64_33_wMJR3tnkBafLY-TYfSmmB6QYg&q&nis=6&ch=1&adurl=https://www.udemy.com/course/gh-200github-actions-certification/?utm_campaign%3DSearch_DSA_Beta_Prof_la.JA_cc.JP%26utm_source%3Dgoogle%26utm_medium%3Dpaid-search%26portfolio%3DJapan%26utm_audience%3Dmx%26utm_tactic%3Dnb%26utm_term%3D_._ag_167497668958_._ad_711539479624_._kw_%26utm_content%3Dg%26funnel%3D%26test%3D%26gad_source%3D1%26gad_campaignid%3D21648487903%26gbraid%3D0AAAAADROdO3MLMANzu2eT5E9g1PYfNvuO%26gclid%3DCj0KCQjw8JPVBhD-ARIsAO691sH9aRT4_y23XdFT8LxTlHAITFJm_f28qteFSdPYVUx4Ose9r1EZJ78aAt0xEALw_wcB&ved=2ahUKEwiEsNf9hOqWAxVpi-EIHdhpAK8Q0Qx6BAgPEAE,Profile 1
2026-09-13 06:59:13,github actions 資格 - Google 検索,https://www.google.com/search?q=github+actions+%E8%B3%87%E6%A0%BC&rlz=1C1GCCB_enJP1173JP1173&oq=github+actions+%E8%B3%87%E6%A0%BC&gs_lcrp=EgZjaHJvbWUyBggAEEUYOTIHCAEQABjvBTIKCAIQABiiBBiJBTIKCAMQABiABBiiBDIHCAQQABjvBdIBCDU3MjRqMGo3qAIAsAIA&sourceid=chrome&source=chrome.ob&ie=UTF-8,Profile 1
2026-09-13 06:59:03,株式会社エーピーコミュニケーションズ - カレンダー - 2026年 9月 13日 (日曜日)、今日,https://calendar.google.com/calendar/u/0/r/day,Profile 1
2026-09-13 06:58:52,tmatusoka-apc · GitHub,https://github.com/tmatusoka-apc,Profile 1
2026-09-13 06:58:49,ダッシュボード - はてなブログ,https://blog.hatena.ne.jp/,Profile 1
2026-09-13 06:58:48,ログイン - Google アカウント,https://accounts.google.com/v3/signin/accountchooser?continue=https%3A%2F%2Faccounts.google.com%2Fo%2Fsaml2%2Finitsso%3Fidpid%3DC02nx0gkf%26spid%3D929701362799%26forceauthn%3Dfalse&faa=1&flowName=GlifWebSignIn&flowEntry=AccountChooser&dsh=S-366368463%3A1789250281887030,Profile 1
2026-09-13 06:58:18,【無料あり】【Udemyクーポン】【2026年8月】クーポン入手方法・使い方まとめ | マナカツ (学んで活かす),https://gooiridblog.com/udemy-howtouse_coupon/,Profile 1
2026-09-13 06:58:02,ログイン - Google アカウント,https://accounts.google.com/v3/signin/accountchooser?continue=https%3A%2F%2Faccounts.google.com%2Fo%2Fsaml2%2Finitsso%3Fidpid%3DC02nx0gkf%26spid%3D929701362799%26forceauthn%3Dfalse&faa=1&flowName=GlifWebSignIn&flowEntry=AccountChooser&dsh=S-366368463%3A1789250281887030,Profile 1
2026-09-13 06:58:02,ログイン - Google アカウント,https://accounts.google.com/AccountChooser?continue=https://accounts.google.com/o/saml2/initsso?idpid%3DC02nx0gkf%26spid%3D929701362799%26forceauthn%3Dfalse&faa=1,Profile 1
2026-09-13 06:58:02,ログイン - Google アカウント,https://accounts.google.com/o/saml2/initsso?idpid=C02nx0gkf&spid=929701362799&forceauthn=false,Profile 1
2026-09-13 06:57:55,ダッシュボード - はてなブログ,https://blog.hatena.ne.jp/,Profile 1
2026-09-13 06:57:52,日報は1分で終わらせる - Claude Codeで半自動化の取り組み｜OPTEMO エンジニアブログ,https://note.com/jtamas_engineer/n/n379cd6fbb2d4,Profile 1
2026-09-13 06:57:47,ダッシュボード - はてなブログ,https://blog.hatena.ne.jp/,Profile 1
2026-09-13 06:57:38,udemy ログイン - Google 検索,https://www.google.com/search?q=udemy+%E3%83%AD%E3%82%B0%E3%82%A4%E3%83%B3&rlz=1C1GCCB_enJP1173JP1173&oq=udemy&gs_lcrp=EgZjaHJvbWUqCggBEAAYsQMYgAQyBggAEEUYOTIKCAEQABixAxiABDIHCAIQABiABDIHCAMQABiABDIHCAQQABiABDIKCAUQABixAxiABDIHCAYQABiABDIGCAcQRRhB0gEINTkzOWowajeoAgCwAgA&sourceid=chrome&source=chrome.ob&ie=UTF-8,Profile 1
2026-09-13 06:57:33,減量サポート - ITエンジニア向けダイエットアプリ,https://d33o0pb58hdrlj.cloudfront.net/weight-loss.html,Profile 1
2026-09-13 06:57:30,udemy ログイン - Google 検索,https://www.google.com/search?q=udemy+%E3%83%AD%E3%82%B0%E3%82%A4%E3%83%B3&rlz=1C1GCCB_enJP1173JP1173&oq=udemy&gs_lcrp=EgZjaHJvbWUqCggBEAAYsQMYgAQyBggAEEUYOTIKCAEQABixAxiABDIHCAIQABiABDIHCAMQABiABDIHCAQQABiABDIKCAUQABixAxiABDIHCAYQABiABDIGCAcQRRhB0gEINTkzOWowajeoAgCwAgA&sourceid=chrome&source=chrome.ob&ie=UTF-8,Profile 1
2026-09-13 06:55:28,TXOSSCLOUD_AI活用事例_202609 - Google スプレッドシート,https://docs.google.com/spreadsheets/d/1pUCJ3DMfOkRNwtKV7DtNj3zCgrd2u2afulZCHAVzkUs/edit?gid=0#gid=0,Profile 1
